INSERT INTO PHONG(MAPHONG, TENPHONG) VALUES
(101,101),
(102,102),
(103,103),
(104,104),
(201,201),
(202,202),
(301,301),
(303,303),
(401,401),
(404,404)
INSERT INTO DONGGIA(MAPHONG,GIA) VALUES
(101,180000),
(102,180000),
(103,180000),
(104,170000),
(201,200000),
(202,210000),
(301,350000),
(303,350000),
(401,180000),
(404,350000)
INSERT INTO KHACHHANG(MAKH,HOTEN,DIACHI,DIENTHOAI) VALUES 
(201,N'Nguyễn Văn An',N'Thanh Xuân, Hà Nội',986773837),
(202,N'Hoàng Hữu Thể',N'Quận 9, Tp HCM',986773839),
(203,N'Nguyễn Thế Toàn',N'Kinh Môn,Hải Dương',986893837),
(204,N'Lê Minh Tuấn',N'Giang Thép, Thái Nguyên',985673837)
INSERT INTO DATPHONG(MAPHONG,NGAYDAT,NGAYSD,MAKH) VALUES
(101,'2020-12-15','2020-12-16',202),
(101,'2020-12-17','2020-12-20',202),
(401,'2020-12-15','2020-12-16',204),
(202,'2020-12-13','2020-12-18',203),
(301,'2020-12-12','2020-12-19',201)
set dateformat dmy
SELECT * FROM KHACHHANG
SELECT * FROM PHONG
SELECT * FROM DATPHONG
SELECT * FROM DONGGIA
--Câu 4
SELECT * FROM KHACHHANG KH INNER JOIN DATPHONG DP 
ON KH.MAKH=DP.MAKH WHERE DP.NGAYDAT='17/12/2020'
update DONGGIA set GIA = 380000 WHERE MAPHONG=301
SElECT * FROM DONGGIA ORDER BY GIA ASC
SElECT * FROM DONGGIA ORDER BY GIA DESC
-- ASC SẮP XẾP TỪ THẤP ĐẾN CAO
--DESC XẮP XẾP TỪ CAO ĐẾN THẤP (KIỂU XẮP XẾP ASC VÀ DESC KHÔNG ẢNH HƯỞNG ĐẾN TABLE GỐC)
SELECT * FROM KHACHHANG WHERE HOTEN LIKE N'%Toàn'
--LIKE '%' truy vấn dữ liệu NOT LIKE KHÔNG NHẬN DỮ LIỆU CÓ KÍ TỰ ĐÓ
-- CÂU 10
SELECT * FROM KHACHHANG WHERE DIACHI LIKE N'%Thái Nguyên'
SELECT * FROM KHACHHANG WHERE DIACHI LIKE N'%Thép%'
--BETWEEN KHI lấy khoảng KHOẢNG LỚN ĐẾN BÉ TRONG CSDL